filename,eb_code,edition_num,is_supplement,volume_num,alpha_range,volume_label,n_pages,identifier,title,src_path
EB.1_ed1_v01_A-B_144133901.html,EB.1,1,False,1,A-B,,832,144133901,"Encyclopaedia Britannica; or, A dictionary of arts and sciences, compiled upon a new plan … - First edition, 1771, Volume 1, A-B - EB.1",output/EB.1/144133901/144133901.html
EB.1_ed1_v02_C-L_144133902.html,EB.1,1,False,2,C-L,,1018,144133902,"Encyclopaedia Britannica; or, A dictionary of arts and sciences, compiled upon a new plan … - First edition, 1771, Volume 2, C-L - EB.1",output/EB.1/144133902/144133902.html
EB.1_ed1_v03_M-Z_144133903.html,EB.1,1,False,3,M-Z,,872,144133903,"Encyclopaedia Britannica; or, A dictionary of arts and sciences, compiled upon a new plan … - First edition, 1771, Volume 3, M-Z - EB.1",output/EB.1/144133903/144133903.html
EB.10_ed5_v07_CTE-Electricity_191678897.html,EB.10,5,False,7,CTE-Electricity,,886,191678897,"Encyclopaedia Britannica, or, a Dictionary of arts, sciences, and miscellaneous literature : enlarged and improved. Illustrated with nearly six hundred engravings - Fifth edition, Volume 7, CTE-Electricity - EB.10",output/EB.10/191678897/191678897.html
EB.10_ed5_v08_ELE-FOR_191678898.html,EB.10,5,False,8,ELE-FOR,,856,191678898,"Encyclopaedia Britannica, or, a Dictionary of arts, sciences, and miscellaneous literature : enlarged and improved. Illustrated with nearly six hundred engravings - Fifth edition, Volume 8, ELE-FOR - EB.10",output/EB.10/191678898/191678898.html
EB.10_ed5_v20_SUI-ZYM_191678899.html,EB.10,5,False,20,SUI-ZYM,,956,191678899,"Encyclopaedia Britannica, or, a Dictionary of arts, sciences, and miscellaneous literature : enlarged and improved. Illustrated with nearly six hundred engravings - Fifth edition, Volume 20, SUI-ZYM - EB.10",output/EB.10/191678899/191678899.html
EB.10_ed5_v04_Book-keeping-BUR_191679033.html,EB.10,5,False,4,Book-keeping-BUR,,888,191679033,"Encyclopaedia Britannica, or, a Dictionary of arts, sciences, and miscellaneous literature : enlarged and improved. Illustrated with nearly six hundred engravings - Fifth edition, Volume 4, Book-keeping-BUR - EB.10",output/EB.10/191679033/191679033.html
EB.10_ed5_v17_Poetry-RHI_191689062.html,EB.10,5,False,17,Poetry-RHI,,870,191689062,"Encyclopaedia Britannica, or, a Dictionary of arts, sciences, and miscellaneous literature : enlarged and improved. Illustrated with nearly six hundred engravings - Fifth edition, Volume 17, Poetry-RHI - EB.10",output/EB.10/191689062/191689062.html
EB.10_ed5_v02_AME-ASS_191689063.html,EB.10,5,False,2,AME-ASS,,894,191689063,"Encyclopaedia Britannica, or, a Dictionary of arts, sciences, and miscellaneous literature : enlarged and improved. Illustrated with nearly six hundred engravings - Fifth edition, Volume 2, AME-ASS - EB.10",output/EB.10/191689063/191689063.html
EB.10_ed5_v01_A-AME_192016229.html,EB.10,5,False,1,A-AME,,848,192016229,"Encyclopaedia Britannica, or, a Dictionary of arts, sciences, and miscellaneous literature : enlarged and improved. Illustrated with nearly six hundred engravings - Fifth edition, Volume 1, A-AME - EB.10",output/EB.10/192016229/192016229.html
EB.10_ed5_v15_NIC-PAR_192200897.html,EB.10,5,False,15,NIC-PAR,,884,192200897,"Encyclopaedia Britannica, or, a Dictionary of arts, sciences, and miscellaneous literature : enlarged and improved. Illustrated with nearly six hundred engravings - Fifth edition, Volume 15, NIC-PAR - EB.10",output/EB.10/192200897/192200897.html
EB.10_ed5_v13_MAT-MIC_192200898.html,EB.10,5,False,13,MAT-MIC,,864,192200898,"Encyclopaedia Britannica, or, a Dictionary of arts, sciences, and miscellaneous literature : enlarged and improved. Illustrated with nearly six hundred engravings - Fifth edition, Volume 13, MAT-MIC - EB.10",output/EB.10/192200898/192200898.html
EB.10_ed5_v19_Scripture-SUG_192200899.html,EB.10,5,False,19,Scripture-SUG,,890,192200899,"Encyclopaedia Britannica, or, a Dictionary of arts, sciences, and miscellaneous literature : enlarged and improved. Illustrated with nearly six hundred engravings - Fifth edition, Volume 19, Scripture-SUG - EB.10",output/EB.10/192200899/192200899.html
EB.10_ed5_v14_MIC-NIC_192200900.html,EB.10,5,False,14,MIC-NIC,,880,192200900,"Encyclopaedia Britannica, or, a Dictionary of arts, sciences, and miscellaneous literature : enlarged and improved. Illustrated with nearly six hundred engravings - Fifth edition, Volume 14, MIC-NIC - EB.10",output/EB.10/192200900/192200900.html
EB.10_ed5_v12_LIE-Materia-medica_192200901.html,EB.10,5,False,12,LIE-Materia medica,,856,192200901,"Encyclopaedia Britannica, or, a Dictionary of arts, sciences, and miscellaneous literature : enlarged and improved. Illustrated with nearly six hundred engravings - Fifth edition, Volume 12, LIE-Materia medica - EB.10",output/EB.10/192200901/192200901.html
EB.10_ed5_v11_HYD-LIE_192547785.html,EB.10,5,False,11,HYD-LIE,,856,192547785,"Encyclopaedia Britannica, or, a Dictionary of arts, sciences, and miscellaneous literature : enlarged and improved. Illustrated with nearly six hundred engravings - Fifth edition, Volume 11, HYD-LIE - EB.10",output/EB.10/192547785/192547785.html
EB.10_ed5_v16_PAR-Poetry_192692638.html,EB.10,5,False,16,PAR-Poetry,,876,192692638,"Encyclopaedia Britannica, or, a Dictionary of arts, sciences, and miscellaneous literature : enlarged and improved. Illustrated with nearly six hundred engravings - Fifth edition, Volume 16, PAR-Poetry - EB.10",output/EB.10/192692638/192692638.html
EB.10_ed5_v05_BUR-CHI_192984254.html,EB.10,5,False,5,BUR-CHI,,836,192984254,"Encyclopaedia Britannica, or, a Dictionary of arts, sciences, and miscellaneous literature : enlarged and improved. Illustrated with nearly six hundred engravings - Fifth edition, Volume 5, BUR-CHI - EB.10",output/EB.10/192984254/192984254.html
EB.10_ed5_v06_CHI-Crystallization_192984255.html,EB.10,5,False,6,CHI-Crystallization,,868,192984255,"Encyclopaedia Britannica, or, a Dictionary of arts, sciences, and miscellaneous literature : enlarged and improved. Illustrated with nearly six hundred engravings - Fifth edition, Volume 6, CHI-Crystallization - EB.10",output/EB.10/192984255/192984255.html
EB.10_ed5_v18_RHI-SCR_192984256.html,EB.10,5,False,18,RHI-SCR,,844,192984256,"Encyclopaedia Britannica, or, a Dictionary of arts, sciences, and miscellaneous literature : enlarged and improved. Illustrated with nearly six hundred engravings - Fifth edition, Volume 18, RHI-SCR - EB.10",output/EB.10/192984256/192984256.html
EB.10_ed5_v03_ASS-BOO_193108318.html,EB.10,5,False,3,ASS-BOO,,876,193108318,"Encyclopaedia Britannica, or, a Dictionary of arts, sciences, and miscellaneous literature : enlarged and improved. Illustrated with nearly six hundred engravings - Fifth edition, Volume 3, ASS-BOO - EB.10",output/EB.10/193108318/193108318.html
EB.10_ed5_v09_FOR-GOT_193109108.html,EB.10,5,False,9,FOR-GOT,,872,193109108,"Encyclopaedia Britannica, or, a Dictionary of arts, sciences, and miscellaneous literature : enlarged and improved. Illustrated with nearly six hundred engravings - Fifth edition, Volume 9, FOR-GOT - EB.10",output/EB.10/193109108/193109108.html
EB.10_ed5_v10_GOT-Hydrodynamics_193109109.html,EB.10,5,False,10,GOT-Hydrodynamics,,870,193109109,"Encyclopaedia Britannica, or, a Dictionary of arts, sciences, and miscellaneous literature : enlarged and improved. Illustrated with nearly six hundred engravings - Fifth edition, Volume 10, GOT-Hydrodynamics - EB.10",output/EB.10/193109109/193109109.html
EB.11_ed6_v10_GOT-Hydrodynamics_191679036.html,EB.11,6,False,10,GOT-Hydrodynamics,,872,191679036,"Encyclopaedia Britannica - Sixth edition, Volume 10, GOT-Hydrodynamics - EB.11",output/EB.11/191679036/191679036.html
EB.11_ed6_v12_LIE-Materia-medica_191689064.html,EB.11,6,False,12,LIE-Materia medica,,860,191689064,"Encyclopaedia Britannica - Sixth edition, Volume 12, LIE-Materia medica - EB.11",output/EB.11/191689064/191689064.html
EB.11_ed6_v14_MIC-NIC_191689065.html,EB.11,6,False,14,MIC-NIC,,884,191689065,"Encyclopaedia Britannica - Sixth edition, Volume 14, MIC-NIC - EB.11",output/EB.11/191689065/191689065.html
EB.11_ed6_v18_RHI-Scripture_192015834.html,EB.11,6,False,18,RHI-Scripture,,848,192015834,"Encyclopaedia Britannica - Sixth edition, Volume 18, RHI-Scripture - EB.11",output/EB.11/192015834/192015834.html
EB.11_ed6_v02_America-ASS_192015835.html,EB.11,6,False,2,America-ASS,,898,192015835,"Encyclopaedia Britannica - Sixth edition, Volume 2, America-ASS - EB.11",output/EB.11/192015835/192015835.html
EB.11_ed6_v08_ELE-FOR_192015836.html,EB.11,6,False,8,ELE-FOR,,860,192015836,"Encyclopaedia Britannica - Sixth edition, Volume 8, ELE-FOR - EB.11",output/EB.11/192015836/192015836.html
EB.11_ed6_v15_NIC-PAR_192015837.html,EB.11,6,False,15,NIC-PAR,,886,192015837,"Encyclopaedia Britannica - Sixth edition, Volume 15, NIC-PAR - EB.11",output/EB.11/192015837/192015837.html
EB.11_ed6_v07_CTE-Electricity_192015838.html,EB.11,6,False,7,CTE-Electricity,,896,192015838,"Encyclopaedia Britannica - Sixth edition, Volume 7, CTE-Electricity - EB.11",output/EB.11/192015838/192015838.html
EB.11_ed6_v06_CHI-Crystallization_192200322.html,EB.11,6,False,6,CHI-Crystallization,,878,192200322,"Encyclopaedia Britannica - Sixth edition, Volume 6, CHI-Crystallization - EB.11",output/EB.11/192200322/192200322.html
EB.11_ed6_v13_MAT-MIC_192200323.html,EB.11,6,False,13,MAT-MIC,,868,192200323,"Encyclopaedia Britannica - Sixth edition, Volume 13, MAT-MIC - EB.11",output/EB.11/192200323/192200323.html
EB.11_ed6_v04_BOO-BUR_192200662.html,EB.11,6,False,4,BOO-BUR,,890,192200662,"Encyclopaedia Britannica - Sixth edition, Volume 4, BOO-BUR - EB.11",output/EB.11/192200662/192200662.html
EB.11_ed6_v01_A-AME_192547781.html,EB.11,6,False,1,A-AME,,852,192547781,"Encyclopaedia Britannica - Sixth edition, Volume 1, A-AME - EB.11",output/EB.11/192547781/192547781.html
EB.11_ed6_v09_FOR-GOT_192547782.html,EB.11,6,False,9,FOR-GOT,,874,192547782,"Encyclopaedia Britannica - Sixth edition, Volume 9, FOR-GOT - EB.11",output/EB.11/192547782/192547782.html
EB.11_ed6_v16_PAR-Poetry_192547783.html,EB.11,6,False,16,PAR-Poetry,,878,192547783,"Encyclopaedia Britannica - Sixth edition, Volume 16, PAR-Poetry - EB.11",output/EB.11/192547783/192547783.html
EB.11_ed6_v17_Poetry-RHI_192547784.html,EB.11,6,False,17,Poetry-RHI,,872,192547784,"Encyclopaedia Britannica - Sixth edition, Volume 17, Poetry-RHI - EB.11",output/EB.11/192547784/192547784.html
EB.11_ed6_v05_BUR-CHI_192692756.html,EB.11,6,False,5,BUR-CHI,,840,192692756,"Encyclopaedia Britannica - Sixth edition, Volume 5, BUR-CHI - EB.11",output/EB.11/192692756/192692756.html
EB.11_ed6_v11_HYD-LIE_192984257.html,EB.11,6,False,11,HYD-LIE,,856,192984257,"Encyclopaedia Britannica - Sixth edition, Volume 11, HYD-LIE - EB.11",output/EB.11/192984257/192984257.html
EB.11_ed6_v19_Scripture-SUG_193057497.html,EB.11,6,False,19,Scripture-SUG,,894,193057497,"Encyclopaedia Britannica - Sixth edition, Volume 19, Scripture-SUG - EB.11",output/EB.11/193057497/193057497.html
EB.11_ed6_v03_ASS-BOO_193696080.html,EB.11,6,False,3,ASS-BOO,,878,193696080,"Encyclopaedia Britannica - Sixth edition, Volume 3, ASS-BOO - EB.11",output/EB.11/193696080/193696080.html
EB.11_ed6_v20_SUI-ZYM_193696081.html,EB.11,6,False,20,SUI-ZYM,,962,193696081,"Encyclopaedia Britannica - Sixth edition, Volume 20, SUI-ZYM - EB.11",output/EB.11/193696081/193696081.html
EB.12_suppl_v03_192016360.html,EB.12,,True,3,,,876,192016360,"Supplement to the fourth, fifth and sixth editions of the Encyclopaedia Britannica - Volume 3 - EB.12",output/EB.12/192016360/192016360.html
EB.12_suppl_v04_192146221.html,EB.12,,True,4,,,848,192146221,"Supplement to the fourth, fifth and sixth editions of the Encyclopaedia Britannica - Volume 4 - EB.12",output/EB.12/192146221/192146221.html
EB.12_suppl_v05_192547786.html,EB.12,,True,5,,,902,192547786,"Supplement to the fourth, fifth and sixth editions of the Encyclopaedia Britannica - Volume 5 - EB.12",output/EB.12/192547786/192547786.html
EB.12_suppl_v06_192547787.html,EB.12,,True,6,,,944,192547787,"Supplement to the fourth, fifth and sixth editions of the Encyclopaedia Britannica - Volume 6 - EB.12",output/EB.12/192547787/192547787.html
EB.12_suppl_v01_193057498.html,EB.12,,True,1,,,952,193057498,"Supplement to the fourth, fifth and sixth editions of the Encyclopaedia Britannica - Volume 1 - EB.12",output/EB.12/193057498/193057498.html
EB.12_suppl_v02_193108319.html,EB.12,,True,2,,,878,193108319,"Supplement to the fourth, fifth and sixth editions of the Encyclopaedia Britannica - Volume 2 - EB.12",output/EB.12/193108319/193108319.html
EB.15_ed7_v00_Seventh-edition-General-index_192547789.html,EB.15,7,False,,,"Seventh edition, General index",184,192547789,"Encyclopaedia Britannica - Seventh edition, General index - EB.15",output/EB.15/192547789/192547789.html
EB.15_ed7_v12_Hydrodynamics-KYR_192693199.html,EB.15,7,False,12,Hydrodynamics-KYR,,902,192693199,"Encyclopaedia Britannica - Seventh edition, Volume 12, Hydrodynamics-KYR - EB.15",output/EB.15/192693199/192693199.html
EB.15_ed7_v01_Preliminary-dissertations_192984258.html,EB.15,7,False,1,Preliminary dissertations,,942,192984258,"Encyclopaedia Britannica - Seventh edition, Volume 1, Preliminary dissertations - EB.15",output/EB.15/192984258/192984258.html
EB.15_ed7_v02_A-Anatomy_192984259.html,EB.15,7,False,2,A-Anatomy,,974,192984259,"Encyclopaedia Britannica - Seventh edition, Volume 2, A-Anatomy - EB.15",output/EB.15/192984259/192984259.html
EB.15_ed7_v03_Anatomy-Astronomy_193057500.html,EB.15,7,False,3,Anatomy-Astronomy,,982,193057500,"Encyclopaedia Britannica - Seventh edition, Volume 3, Anatomy-Astronomy - EB.15",output/EB.15/193057500/193057500.html
EB.15_ed7_v19_RAB-SCU_193057501.html,EB.15,7,False,19,RAB-SCU,,878,193057501,"Encyclopaedia Britannica - Seventh edition, Volume 19, RAB-SCU - EB.15",output/EB.15/193057501/193057501.html
EB.15_ed7_v04_Astronomy-BOR_193108322.html,EB.15,7,False,4,Astronomy-BOR,,930,193108322,"Encyclopaedia Britannica - Seventh edition, Volume 4, Astronomy-BOR - EB.15",output/EB.15/193108322/193108322.html
EB.15_ed7_v13_LAB-Magnetism_193108323.html,EB.15,7,False,13,LAB-Magnetism,,810,193108323,"Encyclopaedia Britannica - Seventh edition, Volume 13, LAB-Magnetism - EB.15",output/EB.15/193108323/193108323.html
EB.15_ed7_v08_DIA-England_193322688.html,EB.15,7,False,8,DIA-England,,974,193322688,"Encyclopaedia Britannica - Seventh edition, Volume 8, DIA-England - EB.15",output/EB.15/193322688/193322688.html
EB.15_ed7_v14_Magnetism-Mexico_193322689.html,EB.15,7,False,14,Magnetism-Mexico,,938,193322689,"Encyclopaedia Britannica - Seventh edition, Volume 14, Magnetism-Mexico - EB.15",output/EB.15/193322689/193322689.html
EB.15_ed7_v06_CAL-Clock_193322690.html,EB.15,7,False,6,CAL-Clock,,930,193322690,"Encyclopaedia Britannica - Seventh edition, Volume 6, CAL-Clock - EB.15",output/EB.15/193322690/193322690.html
EB.15_ed7_v10_France-GRO_193469090.html,EB.15,7,False,10,France-GRO,,888,193469090,"Encyclopaedia Britannica - Seventh edition, Volume 10, France-GRO - EB.15",output/EB.15/193469090/193469090.html
EB.15_ed7_v17_PAN-Plastic-nature_193469091.html,EB.15,7,False,17,PAN-Plastic nature,,856,193469091,"Encyclopaedia Britannica - Seventh edition, Volume 17, PAN-Plastic nature - EB.15",output/EB.15/193469091/193469091.html
EB.15_ed7_v18_PLA-QUI_193469092.html,EB.15,7,False,18,PLA-QUI,,842,193469092,"Encyclopaedia Britannica - Seventh edition, Volume 18, PLA-QUI - EB.15",output/EB.15/193469092/193469092.html
EB.15_ed7_v11_Grotius-HYD_193638940.html,EB.15,7,False,11,Grotius-HYD,,872,193638940,"Encyclopaedia Britannica - Seventh edition, Volume 11, Grotius-HYD - EB.15",output/EB.15/193638940/193638940.html
EB.15_ed7_v05_BOR-CAL_193696083.html,EB.15,7,False,5,BOR-CAL,,938,193696083,"Encyclopaedia Britannica - Seventh edition, Volume 5, BOR-CAL - EB.15",output/EB.15/193696083/193696083.html
EB.15_ed7_v09_England-FRA_193696084.html,EB.15,7,False,9,England-FRA,,940,193696084,"Encyclopaedia Britannica - Seventh edition, Volume 9, England-FRA - EB.15",output/EB.15/193696084/193696084.html
EB.15_ed7_v07_CLO-Dialling_193819043.html,EB.15,7,False,7,CLO-Dialling,,878,193819043,"Encyclopaedia Britannica - Seventh edition, Volume 7, CLO-Dialling - EB.15",output/EB.15/193819043/193819043.html
EB.15_ed7_v15_MEY-Navigation_193819044.html,EB.15,7,False,15,MEY-Navigation,,884,193819044,"Encyclopaedia Britannica - Seventh edition, Volume 15, MEY-Navigation - EB.15",output/EB.15/193819044/193819044.html
EB.15_ed7_v21_Surveying-ZYM_193819045.html,EB.15,7,False,21,Surveying-ZYM,,1066,193819045,"Encyclopaedia Britannica - Seventh edition, Volume 21, Surveying-ZYM - EB.15",output/EB.15/193819045/193819045.html
EB.15_ed7_v20_Sculpture-SUR_193913444.html,EB.15,7,False,20,Sculpture-SUR,,1056,193913444,"Encyclopaedia Britannica - Seventh edition, Volume 20, Sculpture-SUR - EB.15",output/EB.15/193913444/193913444.html
EB.15_ed7_v16_Navigation-PAN_194474782.html,EB.15,7,False,16,Navigation-PAN,,868,194474782,"Encyclopaedia Britannica - Seventh edition, Volume 16, Navigation-PAN - EB.15",output/EB.15/194474782/194474782.html
EB.16_ed8_v01_Dissertations_192984260.html,EB.16,8,False,1,Dissertations,,1014,192984260,"Encyclopaedia Britannica - Eighth edition, Volume 1, Dissertations - EB.16",output/EB.16/192984260/192984260.html
EB.16_ed8_v05_Bombay-BUR_193108324.html,EB.16,8,False,5,Bombay-BUR,,982,193108324,"Encyclopaedia Britannica - Eighth edition, Volume 5, Bombay-BUR - EB.16",output/EB.16/193108324/193108324.html
EB.16_ed8_v08_Diamond-Entail_193108325.html,EB.16,8,False,8,Diamond-Entail,,902,193108325,"Encyclopaedia Britannica - Eighth edition, Volume 8, Diamond-Entail - EB.16",output/EB.16/193108325/193108325.html
EB.16_ed8_v18_PLA-REI_193108326.html,EB.16,8,False,18,PLA-REI,,876,193108326,"Encyclopaedia Britannica - Eighth edition, Volume 18, PLA-REI - EB.16",output/EB.16/193108326/193108326.html
EB.16_ed8_v06_Burning-glasses-Climate_193109113.html,EB.16,8,False,6,Burning glasses-Climate,,848,193109113,"Encyclopaedia Britannica - Eighth edition, Volume 6, Burning glasses-Climate - EB.16",output/EB.16/193109113/193109113.html
EB.16_ed8_v07_CLI-DIA_193109114.html,EB.16,8,False,7,CLI-DIA,,874,193109114,"Encyclopaedia Britannica - Eighth edition, Volume 7, CLI-DIA - EB.16",output/EB.16/193109114/193109114.html
EB.16_ed8_v10_France-GRA_193109115.html,EB.16,8,False,10,France-GRA,,854,193109115,"Encyclopaedia Britannica - Eighth edition, Volume 10, France-GRA - EB.16",output/EB.16/193109115/193109115.html
EB.16_ed8_v02_A-Anatomy_193322698.html,EB.16,8,False,2,A-Anatomy,,946,193322698,"Encyclopaedia Britannica - Eighth edition, Volume 2, A-Anatomy - EB.16",output/EB.16/193322698/193322698.html
EB.16_ed8_v16_Navigation-Ornithology_193322699.html,EB.16,8,False,16,Navigation-Ornithology,,880,193322699,"Encyclopaedia Britannica - Eighth edition, Volume 16, Navigation-Ornithology - EB.16",output/EB.16/193322699/193322699.html
EB.16_ed8_v09_Entomology-FRA_193322700.html,EB.16,8,False,9,Entomology-FRA,,936,193322700,"Encyclopaedia Britannica - Eighth edition, Volume 9, Entomology-FRA - EB.16",output/EB.16/193322700/193322700.html
EB.16_ed8_v19_Reid-Scythia_193322701.html,EB.16,8,False,19,Reid-Scythia,,916,193322701,"Encyclopaedia Britannica - Eighth edition, Volume 19, Reid-Scythia - EB.16",output/EB.16/193322701/193322701.html
EB.16_ed8_v00_Eighth-edition-Index_193322702.html,EB.16,8,False,,,"Eighth edition, Index",290,193322702,"Encyclopaedia Britannica - Eighth edition, Index - EB.16",output/EB.16/193322702/193322702.html
EB.16_ed8_v11_GRA-HUM_193469392.html,EB.16,8,False,11,GRA-HUM,,828,193469392,"Encyclopaedia Britannica - Eighth edition, Volume 11, GRA-HUM - EB.16",output/EB.16/193469392/193469392.html
EB.16_ed8_v20_Seamanship-SZO_193469393.html,EB.16,8,False,20,Seamanship-SZO,,1046,193469393,"Encyclopaedia Britannica - Eighth edition, Volume 20, Seamanship-SZO - EB.16",output/EB.16/193469393/193469393.html
EB.16_ed8_v15_Milan-NAV_193592632.html,EB.16,8,False,15,Milan-NAV,,868,193592632,"Encyclopaedia Britannica - Eighth edition, Volume 15, Milan-NAV - EB.16",output/EB.16/193592632/193592632.html
EB.16_ed8_v03_Anatomy-Astronomy_193696085.html,EB.16,8,False,3,Anatomy-Astronomy,,1066,193696085,"Encyclopaedia Britannica - Eighth edition, Volume 3, Anatomy-Astronomy - EB.16",output/EB.16/193696085/193696085.html
EB.16_ed8_v04_Astronomy-BOM_193696086.html,EB.16,8,False,4,Astronomy-BOM,,1030,193696086,"Encyclopaedia Britannica - Eighth edition, Volume 4, Astronomy-BOM - EB.16",output/EB.16/193696086/193696086.html
EB.16_ed8_v12_Hume-JOM_193696087.html,EB.16,8,False,12,Hume-JOM,,858,193696087,"Encyclopaedia Britannica - Eighth edition, Volume 12, Hume-JOM - EB.16",output/EB.16/193696087/193696087.html
EB.16_ed8_v14_Magnetism-MIH_193696088.html,EB.16,8,False,14,Magnetism-MIH,,874,193696088,"Encyclopaedia Britannica - Eighth edition, Volume 14, Magnetism-MIH - EB.16",output/EB.16/193696088/193696088.html
EB.16_ed8_v17_ORO-Plato_193819046.html,EB.16,8,False,17,ORO-Plato,,846,193819046,"Encyclopaedia Britannica - Eighth edition, Volume 17, ORO-Plato - EB.16",output/EB.16/193819046/193819046.html
EB.16_ed8_v21_T-ZWO_193819047.html,EB.16,8,False,21,T-ZWO,,1062,193819047,"Encyclopaedia Britannica - Eighth edition, Volume 21, T-ZWO - EB.16",output/EB.16/193819047/193819047.html
EB.16_ed8_v13_Jonah-MAG_193916150.html,EB.16,8,False,13,Jonah-MAG,,832,193916150,"Encyclopaedia Britannica - Eighth edition, Volume 13, Jonah-MAG - EB.16",output/EB.16/193916150/193916150.html
EB.4_ed2_v01_A-AST_144850370.html,EB.4,2,False,1,A-AST,,872,144850370,"Encyclopaedia Britannica - Second edition, Volume 1, A-AST - EB.4",output/EB.4/144850370/144850370.html
EB.4_ed2_v02_Astronomy-BZO_144850373.html,EB.4,2,False,2,Astronomy-BZO,,882,144850373,"Encyclopaedia Britannica - Second edition, Volume 2, Astronomy-BZO - EB.4",output/EB.4/144850373/144850373.html
EB.4_ed2_v03_C_144850374.html,EB.4,2,False,3,C,,872,144850374,"Encyclopaedia Britannica - Second edition, Volume 3, C - EB.4",output/EB.4/144850374/144850374.html
EB.4_ed2_v04_D-F_144850375.html,EB.4,2,False,4,D-F,,868,144850375,"Encyclopaedia Britannica - Second edition, Volume 4, D-F - EB.4",output/EB.4/144850375/144850375.html
EB.4_ed2_v05_G-J_144850376.html,EB.4,2,False,5,G-J,,980,144850376,"Encyclopaedia Britannica - Second edition, Volume 5, G-J - EB.4",output/EB.4/144850376/144850376.html
EB.4_ed2_v06_K-Medicine_144850377.html,EB.4,2,False,6,K-Medicine,,1062,144850377,"Encyclopaedia Britannica - Second edition, Volume 6, K-Medicine - EB.4",output/EB.4/144850377/144850377.html
EB.4_ed2_v07_Medicines-Optics_144850378.html,EB.4,2,False,7,Medicines-Optics,,886,144850378,"Encyclopaedia Britannica - Second edition, Volume 7, Medicines-Optics - EB.4",output/EB.4/144850378/144850378.html
EB.4_ed2_v08_Optics-Poetry_144850379.html,EB.4,2,False,8,Optics-Poetry,,872,144850379,"Encyclopaedia Britannica - Second edition, Volume 8, Optics-Poetry - EB.4",output/EB.4/144850379/144850379.html
EB.4_ed2_v09_POI-SCU_190273289.html,EB.4,2,False,9,POI-SCU,,874,190273289,"Encyclopaedia Britannica - Second edition, Volume 9, POI-SCU - EB.4",output/EB.4/190273289/190273289.html
EB.4_ed2_v10_SCU-Appendix_190273290.html,EB.4,2,False,10,SCU-Appendix,,1280,190273290,"Encyclopaedia Britannica - Second edition, Volume 10, SCU-Appendix - EB.4",output/EB.4/190273290/190273290.html
EB.5_ed3_v02_ANG-BAR_149977338.html,EB.5,3,False,2,ANG-BAR,,922,149977338,"Encyclopaedia Britannica - Third edition, Volume 2, ANG-BAR - EB.5",output/EB.5/149977338/149977338.html
EB.5_ed3_v03_BAR-BZO_149977873.html,EB.5,3,False,3,BAR-BZO,,856,149977873,"Encyclopaedia Britannica - Third edition, Volume 3, BAR-BZO - EB.5",output/EB.5/149977873/149977873.html
EB.5_ed3_v04_CAA-CIC_149978642.html,EB.5,3,False,4,CAA-CIC,,842,149978642,"Encyclopaedia Britannica - Third edition, Volume 4, CAA-CIC - EB.5",output/EB.5/149978642/149978642.html
EB.5_ed3_v05_CIC-DIA_149979156.html,EB.5,3,False,5,CIC-DIA,,858,149979156,"Encyclopaedia Britannica - Third edition, Volume 5, CIC-DIA - EB.5",output/EB.5/149979156/149979156.html
EB.5_ed3_v06_DIA-ETH_149979622.html,EB.5,3,False,6,DIA-ETH,,850,149979622,"Encyclopaedia Britannica - Third edition, Volume 6, DIA-ETH - EB.5",output/EB.5/149979622/149979622.html
EB.5_ed3_v07_ETM-GOA_149981189.html,EB.5,3,False,7,ETM-GOA,,882,149981189,"Encyclopaedia Britannica - Third edition, Volume 7, ETM-GOA - EB.5",output/EB.5/149981189/149981189.html
EB.5_ed3_v08_GOB-HYD_149981670.html,EB.5,3,False,8,GOB-HYD,,832,149981670,"Encyclopaedia Britannica - Third edition, Volume 8, GOB-HYD - EB.5",output/EB.5/149981670/149981670.html
EB.5_ed3_v09_Hydrostatics-LES_149982181.html,EB.5,3,False,9,Hydrostatics-LES,,872,149982181,"Encyclopaedia Britannica - Third edition, Volume 9, Hydrostatics-LES - EB.5",output/EB.5/149982181/149982181.html
EB.5_ed3_v10_LES-MEC_149982692.html,EB.5,3,False,10,LES-MEC,,842,149982692,"Encyclopaedia Britannica - Third edition, Volume 10, LES-MEC - EB.5",output/EB.5/149982692/149982692.html
EB.5_ed3_v11_Medals-Midwifery_149983206.html,EB.5,3,False,11,Medals-Midwifery,,862,149983206,"Encyclopaedia Britannica - Third edition, Volume 11, Medals-Midwifery - EB.5",output/EB.5/149983206/149983206.html
EB.5_ed3_v01_A-ANG_190273291.html,EB.5,3,False,1,A-ANG,,894,190273291,"Encyclopaedia Britannica - Third edition, Volume 1, A-ANG - EB.5",output/EB.5/190273291/190273291.html
EB.5_ed3_v12_MIE-NEG_190273372.html,EB.5,3,False,12,MIE-NEG,,870,190273372,"Encyclopaedia Britannica - Third edition, Volume 12, MIE-NEG - EB.5",output/EB.5/190273372/190273372.html
EB.5_ed3_v13_NEH-PAS_191253798.html,EB.5,3,False,13,NEH-PAS,,874,191253798,"Encyclopaedia Britannica - Third edition, Volume 13, NEH-PAS - EB.5",output/EB.5/191253798/191253798.html
EB.5_ed3_v15_PLA-RAM_191253799.html,EB.5,3,False,15,PLA-RAM,,894,191253799,"Encyclopaedia Britannica - Third edition, Volume 15, PLA-RAM - EB.5",output/EB.5/191253799/191253799.html
EB.5_ed3_v17_SCO-STR_191253800.html,EB.5,3,False,17,SCO-STR,,918,191253800,"Encyclopaedia Britannica - Third edition, Volume 17, SCO-STR - EB.5",output/EB.5/191253800/191253800.html
EB.5_ed3_v18_STR-ZYM_191253817.html,EB.5,3,False,18,STR-ZYM,,1076,191253817,"Encyclopaedia Britannica - Third edition, Volume 18, STR-ZYM - EB.5",output/EB.5/191253817/191253817.html
EB.5_ed3_v16_RAN-SCO_191319917.html,EB.5,3,False,16,RAN-SCO,,834,191319917,"Encyclopaedia Britannica - Third edition, Volume 16, RAN-SCO - EB.5",output/EB.5/191319917/191319917.html
EB.5_ed3_v14_PAS-PLA_192200061.html,EB.5,3,False,14,PAS-PLA,,840,192200061,"Encyclopaedia Britannica - Third edition, Volume 14, PAS-PLA - EB.5",output/EB.5/192200061/192200061.html
EB.7_suppl_v01_ABE-IMP_191253807.html,EB.7,,True,1,ABE-IMP,,884,191253807,"Supplement to the third edition of the Encyclopaedia Britannica ... Illustrated with ... copperplates - Volume 1, ABE-IMP - EB.7",output/EB.7/191253807/191253807.html
EB.7_suppl_v02_IND-ZEM_191253808.html,EB.7,,True,2,IND-ZEM,,856,191253808,"Supplement to the third edition of the Encyclopaedia Britannica ... Illustrated with ... copperplates - Volume 2, IND-ZEM - EB.7",output/EB.7/191253808/191253808.html
EB.9_ed4_v01_Part1_A-Agriculture_191253818.html,EB.9,4,False,1,"Part 1, A-Agriculture",,418,191253818,"Encyclopaedia Britannica; or, A dictionary of arts, sciences, and miscellaneous literature - Fourth edition, Volume 1 Part 1, A-Agriculture - EB.9",output/EB.9/191253818/191253818.html
EB.9_ed4_v01_Part2_Agriculture-AME_191253819.html,EB.9,4,False,1,"Part 2, Agriculture-AME",,424,191253819,"Encyclopaedia Britannica; or, A dictionary of arts, sciences, and miscellaneous literature - Fourth edition, Volume 1 Part 2, Agriculture-AME - EB.9",output/EB.9/191253819/191253819.html
EB.9_ed4_v04_Part1_Book-keeping-BRE_191253825.html,EB.9,4,False,4,"Part 1, Book-keeping-BRE",,478,191253825,"Encyclopaedia Britannica; or, A dictionary of arts, sciences, and miscellaneous literature - Fourth edition, Volume 4 Part 1, Book-keeping-BRE - EB.9",output/EB.9/191253825/191253825.html
EB.9_ed4_v04_Part2_BRE-BUR_191253826.html,EB.9,4,False,4,"Part 2, BRE-BUR",,412,191253826,"Encyclopaedia Britannica; or, A dictionary of arts, sciences, and miscellaneous literature - Fourth edition, Volume 4 Part 2, BRE-BUR - EB.9",output/EB.9/191253826/191253826.html
EB.9_ed4_v15_Part1_NIC-ORB_191253836.html,EB.9,4,False,15,"Part 1, NIC-ORB",,450,191253836,"Encyclopaedia Britannica; or, A dictionary of arts, sciences, and miscellaneous literature - Fourth edition, Volume 15 Part 1, NIC-ORB - EB.9",output/EB.9/191253836/191253836.html
EB.9_ed4_v15_Part2_ORC-PAR_191253837.html,EB.9,4,False,15,"Part 2, ORC-PAR",,438,191253837,"Encyclopaedia Britannica; or, A dictionary of arts, sciences, and miscellaneous literature - Fourth edition, Volume 15 Part 2, ORC-PAR - EB.9",output/EB.9/191253837/191253837.html
EB.9_ed4_v14_Part1_MIC-Moral-philosophy_191253838.html,EB.9,4,False,14,"Part 1, MIC-Moral philosophy",,436,191253838,"Encyclopaedia Britannica; or, A dictionary of arts, sciences, and miscellaneous literature - Fourth edition, Volume 14 Part 1, MIC-Moral philosophy - EB.9",output/EB.9/191253838/191253838.html
EB.9_ed4_v14_Part2_Moral-philosophy-NIC_191253839.html,EB.9,4,False,14,"Part 2, Moral philosophy-NIC",,446,191253839,"Encyclopaedia Britannica; or, A dictionary of arts, sciences, and miscellaneous literature - Fourth edition, Volume 14 Part 2, Moral philosophy-NIC - EB.9",output/EB.9/191253839/191253839.html
EB.9_ed4_v05_Part1_BUR-CHA_191320556.html,EB.9,4,False,5,"Part 1, BUR-CHA",,430,191320556,"Encyclopaedia Britannica; or, A dictionary of arts, sciences, and miscellaneous literature - Fourth edition, Volume 5 Part 1, BUR-CHA - EB.9",output/EB.9/191320556/191320556.html
EB.9_ed4_v05_Part2_CHA-CHI_191320557.html,EB.9,4,False,5,"Part 2, CHA-CHI",,414,191320557,"Encyclopaedia Britannica; or, A dictionary of arts, sciences, and miscellaneous literature - Fourth edition, Volume 5 Part 2, CHA-CHI - EB.9",output/EB.9/191320557/191320557.html
EB.9_ed4_v17_Part2_Projectiles-RHI_191320558.html,EB.9,4,False,17,"Part 2, Projectiles-RHI",,456,191320558,"Encyclopaedia Britannica; or, A dictionary of arts, sciences, and miscellaneous literature - Fourth edition, Volume 17 Part 2, Projectiles-RHI - EB.9",output/EB.9/191320558/191320558.html
EB.9_ed4_v17_Part1_Poetry-Projectiles_191320559.html,EB.9,4,False,17,"Part 1, Poetry-Projectiles",,422,191320559,"Encyclopaedia Britannica; or, A dictionary of arts, sciences, and miscellaneous literature - Fourth edition, Volume 17 Part 1, Poetry-Projectiles - EB.9",output/EB.9/191320559/191320559.html
EB.9_ed4_v08_Part1_ELE-FAI_191320560.html,EB.9,4,False,8,"Part 1, ELE-FAI",,430,191320560,"Encyclopaedia Britannica; or, A dictionary of arts, sciences, and miscellaneous literature - Fourth edition, Volume 8 Part 1, ELE-FAI - EB.9",output/EB.9/191320560/191320560.html
EB.9_ed4_v08_Part2_FAI-FOR_191320561.html,EB.9,4,False,8,"Part 2, FAI-FOR",,432,191320561,"Encyclopaedia Britannica; or, A dictionary of arts, sciences, and miscellaneous literature - Fourth edition, Volume 8 Part 2, FAI-FOR - EB.9",output/EB.9/191320561/191320561.html
EB.9_ed4_v20_Part1_SUI-THE_191678900.html,EB.9,4,False,20,"Part 1, SUI-THE",,452,191678900,"Encyclopaedia Britannica; or, A dictionary of arts, sciences, and miscellaneous literature - Fourth edition, Volume 20 Part 1, SUI-THE - EB.9",output/EB.9/191678900/191678900.html
EB.9_ed4_v20_Part2_THE-ZYM_191678901.html,EB.9,4,False,20,"Part 2, THE-ZYM",,614,191678901,"Encyclopaedia Britannica; or, A dictionary of arts, sciences, and miscellaneous literature - Fourth edition, Volume 20 Part 2, THE-ZYM - EB.9",output/EB.9/191678901/191678901.html
EB.9_ed4_v13_Part1_Mathematics-Medicine_191678902.html,EB.9,4,False,13,"Part 1, Mathematics-Medicine",,428,191678902,"Encyclopaedia Britannica; or, A dictionary of arts, sciences, and miscellaneous literature - Fourth edition, Volume 13 Part 1, Mathematics-Medicine - EB.9",output/EB.9/191678902/191678902.html
EB.9_ed4_v13_Part2_Medicine-MIC_191678903.html,EB.9,4,False,13,"Part 2, Medicine-MIC",,438,191678903,"Encyclopaedia Britannica; or, A dictionary of arts, sciences, and miscellaneous literature - Fourth edition, Volume 13 Part 2, Medicine-MIC - EB.9",output/EB.9/191678903/191678903.html
EB.9_ed4_v11_Part1_HYD-JUN_191679019.html,EB.9,4,False,11,"Part 1, HYD-JUN",,432,191679019,"Encyclopaedia Britannica; or, A dictionary of arts, sciences, and miscellaneous literature - Fourth edition, Volume 11 Part 1, HYD-JUN - EB.9",output/EB.9/191679019/191679019.html
EB.9_ed4_v11_Part2_JUP-LIE_191679020.html,EB.9,4,False,11,"Part 2, JUP-LIE",,424,191679020,"Encyclopaedia Britannica; or, A dictionary of arts, sciences, and miscellaneous literature - Fourth edition, Volume 11 Part 2, JUP-LIE - EB.9",output/EB.9/191679020/191679020.html
EB.9_ed4_v16_Part1_PAR-PHL_191689060.html,EB.9,4,False,16,"Part 1, PAR-PHL",,432,191689060,"Encyclopaedia Britannica; or, A dictionary of arts, sciences, and miscellaneous literature - Fourth edition, Volume 16 Part 1, PAR-PHL - EB.9",output/EB.9/191689060/191689060.html
EB.9_ed4_v16_Part2_PHO-Poetry_191689061.html,EB.9,4,False,16,"Part 2, PHO-Poetry",,448,191689061,"Encyclopaedia Britannica; or, A dictionary of arts, sciences, and miscellaneous literature - Fourth edition, Volume 16 Part 2, PHO-Poetry - EB.9",output/EB.9/191689061/191689061.html
EB.9_ed4_v03_Part1_ASS-BAR_191809865.html,EB.9,4,False,3,"Part 1, ASS-BAR",,458,191809865,"Encyclopaedia Britannica; or, A dictionary of arts, sciences, and miscellaneous literature - Fourth edition, Volume 3 Part 1, ASS-BAR - EB.9",output/EB.9/191809865/191809865.html
EB.9_ed4_v03_Part2_BAR-BOO_191809866.html,EB.9,4,False,3,"Part 2, BAR-BOO",,418,191809866,"Encyclopaedia Britannica; or, A dictionary of arts, sciences, and miscellaneous literature - Fourth edition, Volume 3 Part 2, BAR-BOO - EB.9",output/EB.9/191809866/191809866.html
EB.9_ed4_v02_Part1_AME-ANS_192545783.html,EB.9,4,False,2,"Part 1, AME-ANS",,446,192545783,"Encyclopaedia Britannica; or, A dictionary of arts, sciences, and miscellaneous literature - Fourth edition, Volume 2 Part 1, AME-ANS - EB.9",output/EB.9/192545783/192545783.html
EB.9_ed4_v02_Part2_ANT-ASS_192545784.html,EB.9,4,False,2,"Part 2, ANT-ASS",,452,192545784,"Encyclopaedia Britannica; or, A dictionary of arts, sciences, and miscellaneous literature - Fourth edition, Volume 2 Part 2, ANT-ASS - EB.9",output/EB.9/192545784/192545784.html
EB.9_ed4_v12_Part1_LIE-MAG_192545785.html,EB.9,4,False,12,"Part 1, LIE-MAG",,420,192545785,"Encyclopaedia Britannica; or, A dictionary of arts, sciences, and miscellaneous literature - Fourth edition, Volume 12 Part 1, LIE-MAG - EB.9",output/EB.9/192545785/192545785.html
EB.9_ed4_v12_Part2_MAH-Materia-medica_192545786.html,EB.9,4,False,12,"Part 2, MAH-Materia medica",,438,192545786,"Encyclopaedia Britannica; or, A dictionary of arts, sciences, and miscellaneous literature - Fourth edition, Volume 12 Part 2, MAH-Materia medica - EB.9",output/EB.9/192545786/192545786.html
EB.9_ed4_v06_Part1_CHI-Conchology_192547776.html,EB.9,4,False,6,"Part 1, CHI-Conchology",,428,192547776,"Encyclopaedia Britannica; or, A dictionary of arts, sciences, and miscellaneous literature - Fourth edition, Volume 6 Part 1, CHI-Conchology - EB.9",output/EB.9/192547776/192547776.html
EB.9_ed4_v06_Part2_Conchology-Crystallization_192547777.html,EB.9,4,False,6,"Part 2, Conchology-Crystallization",,448,192547777,"Encyclopaedia Britannica; or, A dictionary of arts, sciences, and miscellaneous literature - Fourth edition, Volume 6 Part 2, Conchology-Crystallization - EB.9",output/EB.9/192547777/192547777.html
EB.9_ed4_v07_Part2_Dyeing-Electricity_192692190.html,EB.9,4,False,7,"Part 2, Dyeing-Electricity",,444,192692190,"Encyclopaedia Britannica; or, A dictionary of arts, sciences, and miscellaneous literature - Fourth edition, Volume 7 Part 2, Dyeing-Electricity - EB.9",output/EB.9/192692190/192692190.html
EB.9_ed4_v07_Part1_CTE-Dyeing_192692191.html,EB.9,4,False,7,"Part 1, CTE-Dyeing",,440,192692191,"Encyclopaedia Britannica; or, A dictionary of arts, sciences, and miscellaneous literature - Fourth edition, Volume 7 Part 1, CTE-Dyeing - EB.9",output/EB.9/192692191/192692191.html
EB.9_ed4_v10_Part1_GOT-Heraldry_192692192.html,EB.9,4,False,10,"Part 1, GOT-Heraldry",,424,192692192,"Encyclopaedia Britannica; or, A dictionary of arts, sciences, and miscellaneous literature - Fourth edition, Volume 10 Part 1, GOT-Heraldry - EB.9",output/EB.9/192692192/192692192.html
EB.9_ed4_v10_Part2_Heraldry-Hydrodynamics_192692193.html,EB.9,4,False,10,"Part 2, Heraldry-Hydrodynamics",,442,192692193,"Encyclopaedia Britannica; or, A dictionary of arts, sciences, and miscellaneous literature - Fourth edition, Volume 10 Part 2, Heraldry-Hydrodynamics - EB.9",output/EB.9/192692193/192692193.html
EB.9_ed4_v18_Part1_RHI-RUS_192692194.html,EB.9,4,False,18,"Part I, RHI-RUS",,420,192692194,"Encyclopaedia Britannica; or, A dictionary of arts, sciences, and miscellaneous literature - Fourth edition, Volume 18 Part I, RHI-RUS - EB.9",output/EB.9/192692194/192692194.html
EB.9_ed4_v18_Part2_RUS-SCR_192692195.html,EB.9,4,False,18,"Part 2, RUS-SCR",,428,192692195,"Encyclopaedia Britannica; or, A dictionary of arts, sciences, and miscellaneous literature - Fourth edition, Volume 18 Part 2, RUS-SCR - EB.9",output/EB.9/192692195/192692195.html
EB.9_ed4_v19_Part1_SCR-SLE_193108316.html,EB.9,4,False,19,"Part 1, SCR-SLE",,450,193108316,"Encyclopaedia Britannica; or, A dictionary of arts, sciences, and miscellaneous literature - Fourth edition, Volume 19 Part 1, SCR-SLE - EB.9",output/EB.9/193108316/193108316.html
EB.9_ed4_v19_Part2_SLE-SUG_193108317.html,EB.9,4,False,19,"Part 2, SLE-SUG",,450,193108317,"Encyclopaedia Britannica; or, A dictionary of arts, sciences, and miscellaneous literature - Fourth edition, Volume 19 Part 2, SLE-SUG - EB.9",output/EB.9/193108317/193108317.html
EB.9_ed4_v09_Part1_FOR-Gardening_193109110.html,EB.9,4,False,9,"Part 1, FOR-Gardening",,430,193109110,"Encyclopaedia Britannica; or, A dictionary of arts, sciences, and miscellaneous literature - Fourth edition, Volume 9 Part 1, FOR-Gardening - EB.9",output/EB.9/193109110/193109110.html
EB.9_ed4_v09_Part2_Gardening-GOT_193109111.html,EB.9,4,False,9,"Part 2, Gardening-GOT",,472,193109111,"Encyclopaedia Britannica; or, A dictionary of arts, sciences, and miscellaneous literature - Fourth edition, Volume 9 Part 2, Gardening-GOT - EB.9",output/EB.9/193109111/193109111.html
